--------------------------------------------------------
--  File created - Wednesday-August-02-2017   
--------------------------------------------------------
--------------------------------------------------------
--  DDL for Table BORROW
--------------------------------------------------------

  CREATE TABLE "S16COS148"."BORROW" 
   (	"LOANNO" VARCHAR2(5 BYTE), 
	"CNAME" VARCHAR2(18 BYTE), 
	"BNAME" VARCHAR2(18 BYTE), 
	"AMOUNT" NUMBER(8,2)
   ) PCTFREE 10 PCTUSED 40 INITRANS 1 MAXTRANS 255 NOCOMPRESS LOGGING
  STORAGE(INITIAL 65536 NEXT 1048576 MINEXTENTS 1 MAXEXTENTS 2147483645
  PCTINCREASE 0 FREELISTS 1 FREELIST GROUPS 1 BUFFER_POOL DEFAULT)
  TABLESPACE "DATA_TS" ;
--------------------------------------------------------
--  DDL for Table COMPANY
--------------------------------------------------------

  CREATE TABLE "S16COS148"."COMPANY" 
   (	"CNAME" VARCHAR2(50 BYTE), 
	"CCITY" VARCHAR2(50 BYTE), 
	"EMPNUMBER" NUMBER(10,0)
   ) PCTFREE 10 PCTUSED 40 INITRANS 1 MAXTRANS 255 NOCOMPRESS LOGGING
  STORAGE(INITIAL 65536 NEXT 1048576 MINEXTENTS 1 MAXEXTENTS 2147483645
  PCTINCREASE 0 FREELISTS 1 FREELIST GROUPS 1 BUFFER_POOL DEFAULT)
  TABLESPACE "DATA_TS" ;
--------------------------------------------------------
--  DDL for Table CORDER
--------------------------------------------------------

  CREATE TABLE "S16COS148"."CORDER" 
   (	"CORDER_NO" NUMBER, 
	"CUSTOMER_NO" NUMBER(10,0), 
	"DATE_PLACED" DATE, 
	"DATE_DELIVERED" DATE
   ) PCTFREE 10 PCTUSED 40 INITRANS 1 MAXTRANS 255 NOCOMPRESS LOGGING
  STORAGE(INITIAL 65536 NEXT 1048576 MINEXTENTS 1 MAXEXTENTS 2147483645
  PCTINCREASE 0 FREELISTS 1 FREELIST GROUPS 1 BUFFER_POOL DEFAULT)
  TABLESPACE "DATA_TS" ;
--------------------------------------------------------
--  DDL for Table CUST1
--------------------------------------------------------

  CREATE TABLE "S16COS148"."CUST1" 
   (	"CUSTOMER_NO" NUMBER(10,0), 
	"NAME" VARCHAR2(20 BYTE), 
	"ADDRESS" VARCHAR2(20 BYTE), 
	"REP_NO" NUMBER(10,0)
   ) PCTFREE 10 PCTUSED 40 INITRANS 1 MAXTRANS 255 NOCOMPRESS LOGGING
  STORAGE(INITIAL 65536 NEXT 1048576 MINEXTENTS 1 MAXEXTENTS 2147483645
  PCTINCREASE 0 FREELISTS 1 FREELIST GROUPS 1 BUFFER_POOL DEFAULT)
  TABLESPACE "DATA_TS" ;
--------------------------------------------------------
--  DDL for Table CUSTOMER
--------------------------------------------------------

  CREATE TABLE "S16COS148"."CUSTOMER" 
   (	"CUSTOMER_NO" NUMBER(10,0), 
	"NAME" VARCHAR2(20 BYTE), 
	"ADDRESS" VARCHAR2(30 BYTE), 
	"DEPOT_NO" NUMBER(10,0), 
	"CREDIT_LIMIT" NUMBER(10,0)
   ) PCTFREE 10 PCTUSED 40 INITRANS 1 MAXTRANS 255 NOCOMPRESS LOGGING
  STORAGE(INITIAL 65536 NEXT 1048576 MINEXTENTS 1 MAXEXTENTS 2147483645
  PCTINCREASE 0 FREELISTS 1 FREELIST GROUPS 1 BUFFER_POOL DEFAULT)
  TABLESPACE "DATA_TS" ;
--------------------------------------------------------
--  DDL for Table CUSTOMERS
--------------------------------------------------------

  CREATE TABLE "S16COS148"."CUSTOMERS" 
   (	"CNAME" VARCHAR2(19 BYTE), 
	"CITY" VARCHAR2(18 BYTE)
   ) PCTFREE 10 PCTUSED 40 INITRANS 1 MAXTRANS 255 NOCOMPRESS LOGGING
  STORAGE(INITIAL 65536 NEXT 1048576 MINEXTENTS 1 MAXEXTENTS 2147483645
  PCTINCREASE 0 FREELISTS 1 FREELIST GROUPS 1 BUFFER_POOL DEFAULT)
  TABLESPACE "DATA_TS" ;
--------------------------------------------------------
--  DDL for Table DEPOSIT
--------------------------------------------------------

  CREATE TABLE "S16COS148"."DEPOSIT" 
   (	"A_NO" VARCHAR2(5 BYTE), 
	"CNAME" VARCHAR2(5 BYTE), 
	"BNAME" VARCHAR2(10 BYTE), 
	"AMOUNT" NUMBER(7,2), 
	"A_DATE" DATE
   ) PCTFREE 10 PCTUSED 40 INITRANS 1 MAXTRANS 255 NOCOMPRESS LOGGING
  STORAGE(INITIAL 65536 NEXT 1048576 MINEXTENTS 1 MAXEXTENTS 2147483645
  PCTINCREASE 0 FREELISTS 1 FREELIST GROUPS 1 BUFFER_POOL DEFAULT)
  TABLESPACE "DATA_TS" ;
--------------------------------------------------------
--  DDL for Table DEPOT
--------------------------------------------------------

  CREATE TABLE "S16COS148"."DEPOT" 
   (	"DEPOT_NO" NUMBER(10,0), 
	"LOCATION" VARCHAR2(50 BYTE), 
	"ADDRESS" VARCHAR2(50 BYTE), 
	"REP_NO" NUMBER(10,0)
   ) PCTFREE 10 PCTUSED 40 INITRANS 1 MAXTRANS 255 NOCOMPRESS LOGGING
  STORAGE(INITIAL 65536 NEXT 1048576 MINEXTENTS 1 MAXEXTENTS 2147483645
  PCTINCREASE 0 FREELISTS 1 FREELIST GROUPS 1 BUFFER_POOL DEFAULT)
  TABLESPACE "DATA_TS" ;
--------------------------------------------------------
--  DDL for Table EMP
--------------------------------------------------------

  CREATE TABLE "S16COS148"."EMP" 
   (	"ENAME" VARCHAR2(50 BYTE), 
	"ECITY" VARCHAR2(50 BYTE), 
	"SALARY" FLOAT(126), 
	"ENUMBER" NUMBER(10,0), 
	"EADDRESS" VARCHAR2(100 BYTE), 
	"DESIGNATION" VARCHAR2(50 BYTE)
   ) PCTFREE 10 PCTUSED 40 INITRANS 1 MAXTRANS 255 NOCOMPRESS LOGGING
  STORAGE(INITIAL 65536 NEXT 1048576 MINEXTENTS 1 MAXEXTENTS 2147483645
  PCTINCREASE 0 FREELISTS 1 FREELIST GROUPS 1 BUFFER_POOL DEFAULT)
  TABLESPACE "DATA_TS" ;
--------------------------------------------------------
--  DDL for Table EMPLOYEE
--------------------------------------------------------

  CREATE TABLE "S16COS148"."EMPLOYEE" 
   (	"EMP_NO" NUMBER(3,0), 
	"EMP_NAME" VARCHAR2(30 BYTE), 
	"EMP_SAL" NUMBER(8,2), 
	"EMP_COMM" NUMBER(6,1), 
	"DEPT_NO" NUMBER(3,0), 
	"HIREDATE" DATE
   ) PCTFREE 10 PCTUSED 40 INITRANS 1 MAXTRANS 255 NOCOMPRESS LOGGING
  STORAGE(INITIAL 65536 NEXT 1048576 MINEXTENTS 1 MAXEXTENTS 2147483645
  PCTINCREASE 0 FREELISTS 1 FREELIST GROUPS 1 BUFFER_POOL DEFAULT)
  TABLESPACE "DATA_TS" ;
--------------------------------------------------------
--  DDL for Table JOB
--------------------------------------------------------

  CREATE TABLE "S16COS148"."JOB" 
   (	"JOB_ID" VARCHAR2(15 BYTE), 
	"JOB_TITLE" VARCHAR2(30 BYTE), 
	"MIN_SAL" NUMBER(7,2), 
	"MAX_SAL" NUMBER(7,2)
   ) PCTFREE 10 PCTUSED 40 INITRANS 1 MAXTRANS 255 NOCOMPRESS LOGGING
  STORAGE(INITIAL 65536 NEXT 1048576 MINEXTENTS 1 MAXEXTENTS 2147483645
  PCTINCREASE 0 FREELISTS 1 FREELIST GROUPS 1 BUFFER_POOL DEFAULT)
  TABLESPACE "DATA_TS" ;
--------------------------------------------------------
--  DDL for Table OLINE
--------------------------------------------------------

  CREATE TABLE "S16COS148"."OLINE" 
   (	"CORDER_NO" NUMBER, 
	"PRODUCT_NO" NUMBER(10,0), 
	"QUANTITY" NUMBER(10,0)
   ) PCTFREE 10 PCTUSED 40 INITRANS 1 MAXTRANS 255 NOCOMPRESS LOGGING
  STORAGE(INITIAL 65536 NEXT 1048576 MINEXTENTS 1 MAXEXTENTS 2147483645
  PCTINCREASE 0 FREELISTS 1 FREELIST GROUPS 1 BUFFER_POOL DEFAULT)
  TABLESPACE "DATA_TS" ;
--------------------------------------------------------
--  DDL for Table PRODUCT
--------------------------------------------------------

  CREATE TABLE "S16COS148"."PRODUCT" 
   (	"PRODUCT_NO" NUMBER(10,0), 
	"DESCRIPTION" VARCHAR2(30 BYTE), 
	"PRICE" NUMBER(7,2), 
	"SUPPLIER_NO" NUMBER(10,0), 
	"MARKETING_REP_NO" NUMBER(10,0), 
	"SUPPLY_DEPOT_NO" NUMBER(10,0)
   ) PCTFREE 10 PCTUSED 40 INITRANS 1 MAXTRANS 255 NOCOMPRESS LOGGING
  STORAGE(INITIAL 65536 NEXT 1048576 MINEXTENTS 1 MAXEXTENTS 2147483645
  PCTINCREASE 0 FREELISTS 1 FREELIST GROUPS 1 BUFFER_POOL DEFAULT)
  TABLESPACE "DATA_TS" ;
--------------------------------------------------------
--  DDL for Table SALESREP
--------------------------------------------------------

  CREATE TABLE "S16COS148"."SALESREP" 
   (	"REP_NO" NUMBER(10,0), 
	"NAME" VARCHAR2(30 BYTE)
   ) PCTFREE 10 PCTUSED 40 INITRANS 1 MAXTRANS 255 NOCOMPRESS LOGGING
  STORAGE(INITIAL 65536 NEXT 1048576 MINEXTENTS 1 MAXEXTENTS 2147483645
  PCTINCREASE 0 FREELISTS 1 FREELIST GROUPS 1 BUFFER_POOL DEFAULT)
  TABLESPACE "DATA_TS" ;
--------------------------------------------------------
--  DDL for Table STOCK
--------------------------------------------------------

  CREATE TABLE "S16COS148"."STOCK" 
   (	"DEPOT_NO" NUMBER, 
	"PRODUCT_NO" NUMBER(10,0), 
	"QUANTITY" NUMBER(10,0), 
	"RACK" NUMBER(10,0), 
	"BIN_NO" NUMBER(10,0)
   ) PCTFREE 10 PCTUSED 40 INITRANS 1 MAXTRANS 255 NOCOMPRESS LOGGING
  STORAGE(INITIAL 65536 NEXT 1048576 MINEXTENTS 1 MAXEXTENTS 2147483645
  PCTINCREASE 0 FREELISTS 1 FREELIST GROUPS 1 BUFFER_POOL DEFAULT)
  TABLESPACE "DATA_TS" ;
--------------------------------------------------------
--  DDL for Table SUP1
--------------------------------------------------------

  CREATE TABLE "S16COS148"."SUP1" 
   (	"EMP_NO" NUMBER(3,0), 
	"EMP_NAME" VARCHAR2(30 BYTE)
   ) PCTFREE 10 PCTUSED 40 INITRANS 1 MAXTRANS 255 NOCOMPRESS LOGGING
  STORAGE(INITIAL 65536 NEXT 1048576 MINEXTENTS 1 MAXEXTENTS 2147483645
  PCTINCREASE 0 FREELISTS 1 FREELIST GROUPS 1 BUFFER_POOL DEFAULT)
  TABLESPACE "DATA_TS" ;
--------------------------------------------------------
--  DDL for Table SUP2
--------------------------------------------------------

  CREATE TABLE "S16COS148"."SUP2" 
   (	"EMP_NO" NUMBER(3,0), 
	"EMP_NAME" VARCHAR2(30 BYTE), 
	"EMP_SAL" NUMBER(8,2), 
	"EMP_COMM" NUMBER(6,1), 
	"DEPT_NO" NUMBER(3,0)
   ) PCTFREE 10 PCTUSED 40 INITRANS 1 MAXTRANS 255 NOCOMPRESS LOGGING
  STORAGE(INITIAL 65536 NEXT 1048576 MINEXTENTS 1 MAXEXTENTS 2147483645
  PCTINCREASE 0 FREELISTS 1 FREELIST GROUPS 1 BUFFER_POOL DEFAULT)
  TABLESPACE "DATA_TS" ;
--------------------------------------------------------
--  DDL for Table SUPPLIER
--------------------------------------------------------

  CREATE TABLE "S16COS148"."SUPPLIER" 
   (	"SUPPLIER_NO" NUMBER(38,0), 
	"NAME" VARCHAR2(20 BYTE), 
	"ADDRESS" VARCHAR2(50 BYTE)
   ) PCTFREE 10 PCTUSED 40 INITRANS 1 MAXTRANS 255 NOCOMPRESS LOGGING
  STORAGE(INITIAL 65536 NEXT 1048576 MINEXTENTS 1 MAXEXTENTS 2147483645
  PCTINCREASE 0 FREELISTS 1 FREELIST GROUPS 1 BUFFER_POOL DEFAULT)
  TABLESPACE "DATA_TS" ;
--------------------------------------------------------
--  DDL for Table SUPPLIER1
--------------------------------------------------------

  CREATE TABLE "S16COS148"."SUPPLIER1" 
   (	"EMP_NO" NUMBER(3,0), 
	"EMP_NAME" VARCHAR2(30 BYTE), 
	"EMP_SAL" NUMBER(8,2), 
	"EMP_COMM" NUMBER(6,1), 
	"DEPT_NO" NUMBER(3,0)
   ) PCTFREE 10 PCTUSED 40 INITRANS 1 MAXTRANS 255 NOCOMPRESS LOGGING
  STORAGE(INITIAL 65536 NEXT 1048576 MINEXTENTS 1 MAXEXTENTS 2147483645
  PCTINCREASE 0 FREELISTS 1 FREELIST GROUPS 1 BUFFER_POOL DEFAULT)
  TABLESPACE "DATA_TS" ;
REM INSERTING into S16COS148.BORROW
SET DEFINE OFF;
Insert into S16COS148.BORROW (LOANNO,CNAME,BNAME,AMOUNT) values ('201','ANIL','VRCE',1000);
Insert into S16COS148.BORROW (LOANNO,CNAME,BNAME,AMOUNT) values ('206','MEHUL','AJNI',5000);
Insert into S16COS148.BORROW (LOANNO,CNAME,BNAME,AMOUNT) values ('311','SUNIL','DHARAMPETH',3000);
Insert into S16COS148.BORROW (LOANNO,CNAME,BNAME,AMOUNT) values ('321','MADHURI','ANDHERI',2000);
Insert into S16COS148.BORROW (LOANNO,CNAME,BNAME,AMOUNT) values ('375','PRMOD','VIRAR',8000);
Insert into S16COS148.BORROW (LOANNO,CNAME,BNAME,AMOUNT) values ('481','KRANTI','NEHRU PLACE',3000);
REM INSERTING into S16COS148.COMPANY
SET DEFINE OFF;
Insert into S16COS148.COMPANY (CNAME,CCITY,EMPNUMBER) values ('google','califonia',1);
Insert into S16COS148.COMPANY (CNAME,CCITY,EMPNUMBER) values ('facebook','london',2);
Insert into S16COS148.COMPANY (CNAME,CCITY,EMPNUMBER) values ('whatsapp','canada',3);
Insert into S16COS148.COMPANY (CNAME,CCITY,EMPNUMBER) values ('tcs','gurgaon',4);
REM INSERTING into S16COS148.CORDER
SET DEFINE OFF;
Insert into S16COS148.CORDER (CORDER_NO,CUSTOMER_NO,DATE_PLACED,DATE_DELIVERED) values (200,20,to_date('01-JAN-93','DD-MON-RR'),to_date('04-JAN-93','DD-MON-RR'));
Insert into S16COS148.CORDER (CORDER_NO,CUSTOMER_NO,DATE_PLACED,DATE_DELIVERED) values (201,40,to_date('17-JAN-93','DD-MON-RR'),to_date('20-JAN-93','DD-MON-RR'));
Insert into S16COS148.CORDER (CORDER_NO,CUSTOMER_NO,DATE_PLACED,DATE_DELIVERED) values (202,20,to_date('01-JAN-93','DD-MON-RR'),to_date('04-JAN-93','DD-MON-RR'));
Insert into S16COS148.CORDER (CORDER_NO,CUSTOMER_NO,DATE_PLACED,DATE_DELIVERED) values (203,30,to_date('02-FEB-95','DD-MON-RR'),to_date('05-FEB-95','DD-MON-RR'));
Insert into S16COS148.CORDER (CORDER_NO,CUSTOMER_NO,DATE_PLACED,DATE_DELIVERED) values (204,10,to_date('13-MAR-96','DD-MON-RR'),to_date('16-MAR-96','DD-MON-RR'));
Insert into S16COS148.CORDER (CORDER_NO,CUSTOMER_NO,DATE_PLACED,DATE_DELIVERED) values (205,70,to_date('31-JAN-93','DD-MON-RR'),to_date('03-FEB-93','DD-MON-RR'));
Insert into S16COS148.CORDER (CORDER_NO,CUSTOMER_NO,DATE_PLACED,DATE_DELIVERED) values (206,40,to_date('01-JAN-94','DD-MON-RR'),to_date('04-JAN-94','DD-MON-RR'));
Insert into S16COS148.CORDER (CORDER_NO,CUSTOMER_NO,DATE_PLACED,DATE_DELIVERED) values (207,20,to_date('02-AUG-94','DD-MON-RR'),to_date('05-AUG-94','DD-MON-RR'));
REM INSERTING into S16COS148.CUST1
SET DEFINE OFF;
REM INSERTING into S16COS148.CUSTOMER
SET DEFINE OFF;
Insert into S16COS148.CUSTOMER (CUSTOMER_NO,NAME,ADDRESS,DEPOT_NO,CREDIT_LIMIT) values (10,'garry smith','brixton',6,1000);
Insert into S16COS148.CUSTOMER (CUSTOMER_NO,NAME,ADDRESS,DEPOT_NO,CREDIT_LIMIT) values (20,'patel','grange',1,4000);
Insert into S16COS148.CUSTOMER (CUSTOMER_NO,NAME,ADDRESS,DEPOT_NO,CREDIT_LIMIT) values (30,'drake','brixton',4,7000);
Insert into S16COS148.CUSTOMER (CUSTOMER_NO,NAME,ADDRESS,DEPOT_NO,CREDIT_LIMIT) values (40,'bob smith','london',2,10000);
Insert into S16COS148.CUSTOMER (CUSTOMER_NO,NAME,ADDRESS,DEPOT_NO,CREDIT_LIMIT) values (50,'james','grange',3,5000);
Insert into S16COS148.CUSTOMER (CUSTOMER_NO,NAME,ADDRESS,DEPOT_NO,CREDIT_LIMIT) values (60,'norton','san fransisco',5,170000);
Insert into S16COS148.CUSTOMER (CUSTOMER_NO,NAME,ADDRESS,DEPOT_NO,CREDIT_LIMIT) values (70,'john michael','europe',16,8000);
REM INSERTING into S16COS148.CUSTOMERS
SET DEFINE OFF;
Insert into S16COS148.CUSTOMERS (CNAME,CITY) values ('ANIL','CALCUTTA');
Insert into S16COS148.CUSTOMERS (CNAME,CITY) values ('SUNIL','DELHI');
Insert into S16COS148.CUSTOMERS (CNAME,CITY) values ('MEHUL','BARODA');
Insert into S16COS148.CUSTOMERS (CNAME,CITY) values ('MANDAR','PATNA');
Insert into S16COS148.CUSTOMERS (CNAME,CITY) values ('MADHURI','NAGPUR');
Insert into S16COS148.CUSTOMERS (CNAME,CITY) values ('PRMOD','NAGPUR');
Insert into S16COS148.CUSTOMERS (CNAME,CITY) values ('SANDIP','SURAT');
Insert into S16COS148.CUSTOMERS (CNAME,CITY) values ('SHIVANI','BOMBAY');
Insert into S16COS148.CUSTOMERS (CNAME,CITY) values ('KRANTI','BOMBAY');
Insert into S16COS148.CUSTOMERS (CNAME,CITY) values ('NAREN','BOMBAY');
REM INSERTING into S16COS148.DEPOSIT
SET DEFINE OFF;
Insert into S16COS148.DEPOSIT (A_NO,CNAME,BNAME,AMOUNT,A_DATE) values ('101','Anil','andheri',7000,to_date('01-JAN-06','DD-MON-RR'));
Insert into S16COS148.DEPOSIT (A_NO,CNAME,BNAME,AMOUNT,A_DATE) values ('102','sunil','virar',5000,to_date('15-JUL-06','DD-MON-RR'));
Insert into S16COS148.DEPOSIT (A_NO,CNAME,BNAME,AMOUNT,A_DATE) values ('103','jay','villeparle',6500,to_date('12-MAR-06','DD-MON-RR'));
Insert into S16COS148.DEPOSIT (A_NO,CNAME,BNAME,AMOUNT,A_DATE) values ('104','vijay','andheri',8000,to_date('17-SEP-06','DD-MON-RR'));
Insert into S16COS148.DEPOSIT (A_NO,CNAME,BNAME,AMOUNT,A_DATE) values ('105','keyur','dadar',7500,to_date('19-NOV-06','DD-MON-RR'));
Insert into S16COS148.DEPOSIT (A_NO,CNAME,BNAME,AMOUNT,A_DATE) values ('106','mayur','borivali',5500,to_date('21-DEC-06','DD-MON-RR'));
REM INSERTING into S16COS148.DEPOT
SET DEFINE OFF;
Insert into S16COS148.DEPOT (DEPOT_NO,LOCATION,ADDRESS,REP_NO) values (1,'north','uk',1);
Insert into S16COS148.DEPOT (DEPOT_NO,LOCATION,ADDRESS,REP_NO) values (2,'south','usa',2);
Insert into S16COS148.DEPOT (DEPOT_NO,LOCATION,ADDRESS,REP_NO) values (3,'london west','usa',3);
Insert into S16COS148.DEPOT (DEPOT_NO,LOCATION,ADDRESS,REP_NO) values (4,'east','nz',4);
Insert into S16COS148.DEPOT (DEPOT_NO,LOCATION,ADDRESS,REP_NO) values (5,'wales','uk',5);
Insert into S16COS148.DEPOT (DEPOT_NO,LOCATION,ADDRESS,REP_NO) values (6,'north','kenya',6);
Insert into S16COS148.DEPOT (DEPOT_NO,LOCATION,ADDRESS,REP_NO) values (16,'south','uk',2);
REM INSERTING into S16COS148.EMP
SET DEFINE OFF;
Insert into S16COS148.EMP (ENAME,ECITY,SALARY,ENUMBER,EADDRESS,DESIGNATION) values ('raj','surat',20000,101,'varacha',null);
Insert into S16COS148.EMP (ENAME,ECITY,SALARY,ENUMBER,EADDRESS,DESIGNATION) values ('suraj','delhi',15000,102,'shree nagar',null);
Insert into S16COS148.EMP (ENAME,ECITY,SALARY,ENUMBER,EADDRESS,DESIGNATION) values ('rahul','banglore',25000,103,'ram nagar',null);
Insert into S16COS148.EMP (ENAME,ECITY,SALARY,ENUMBER,EADDRESS,DESIGNATION) values ('het','surat',20000,104,'subhas garden',null);
REM INSERTING into S16COS148.EMPLOYEE
SET DEFINE OFF;
Insert into S16COS148.EMPLOYEE (EMP_NO,EMP_NAME,EMP_SAL,EMP_COMM,DEPT_NO,HIREDATE) values (101,'Smith',800,null,20,to_date('07-JUN-94','DD-MON-RR'));
Insert into S16COS148.EMPLOYEE (EMP_NO,EMP_NAME,EMP_SAL,EMP_COMM,DEPT_NO,HIREDATE) values (102,'Snehal',1600,300,25,to_date('16-AUG-98','DD-MON-RR'));
Insert into S16COS148.EMPLOYEE (EMP_NO,EMP_NAME,EMP_SAL,EMP_COMM,DEPT_NO,HIREDATE) values (103,'Adama',1100,0,20,to_date('15-JUN-94','DD-MON-RR'));
Insert into S16COS148.EMPLOYEE (EMP_NO,EMP_NAME,EMP_SAL,EMP_COMM,DEPT_NO,HIREDATE) values (104,'Aman',3000,null,15,to_date('05-JUL-93','DD-MON-RR'));
Insert into S16COS148.EMPLOYEE (EMP_NO,EMP_NAME,EMP_SAL,EMP_COMM,DEPT_NO,HIREDATE) values (105,'Anita',5000,50000,10,to_date('22-NOV-98','DD-MON-RR'));
Insert into S16COS148.EMPLOYEE (EMP_NO,EMP_NAME,EMP_SAL,EMP_COMM,DEPT_NO,HIREDATE) values (106,'Sneha',2450,24500,10,to_date('23-OCT-97','DD-MON-RR'));
Insert into S16COS148.EMPLOYEE (EMP_NO,EMP_NAME,EMP_SAL,EMP_COMM,DEPT_NO,HIREDATE) values (107,'Anamika',2975,null,30,to_date('15-JAN-95','DD-MON-RR'));
REM INSERTING into S16COS148.JOB
SET DEFINE OFF;
Insert into S16COS148.JOB (JOB_ID,JOB_TITLE,MIN_SAL,MAX_SAL) values ('IT_PROG','Programmer',4000,10000);
Insert into S16COS148.JOB (JOB_ID,JOB_TITLE,MIN_SAL,MAX_SAL) values ('MK_MGR','Marketing manager',9000,15000);
Insert into S16COS148.JOB (JOB_ID,JOB_TITLE,MIN_SAL,MAX_SAL) values ('FI_MGR','Finance manager',8200,12000);
Insert into S16COS148.JOB (JOB_ID,JOB_TITLE,MIN_SAL,MAX_SAL) values ('FI_ACC','Account',4200,9000);
Insert into S16COS148.JOB (JOB_ID,JOB_TITLE,MIN_SAL,MAX_SAL) values ('LEC','Lecturer',6000,17000);
Insert into S16COS148.JOB (JOB_ID,JOB_TITLE,MIN_SAL,MAX_SAL) values ('COMP_OP','Computer Operator',1500,3000);
REM INSERTING into S16COS148.OLINE
SET DEFINE OFF;
Insert into S16COS148.OLINE (CORDER_NO,PRODUCT_NO,QUANTITY) values (200,120,5);
Insert into S16COS148.OLINE (CORDER_NO,PRODUCT_NO,QUANTITY) values (201,121,10);
Insert into S16COS148.OLINE (CORDER_NO,PRODUCT_NO,QUANTITY) values (202,120,5);
Insert into S16COS148.OLINE (CORDER_NO,PRODUCT_NO,QUANTITY) values (203,122,20);
Insert into S16COS148.OLINE (CORDER_NO,PRODUCT_NO,QUANTITY) values (204,136,30);
Insert into S16COS148.OLINE (CORDER_NO,PRODUCT_NO,QUANTITY) values (205,124,15);
Insert into S16COS148.OLINE (CORDER_NO,PRODUCT_NO,QUANTITY) values (206,136,30);
REM INSERTING into S16COS148.PRODUCT
SET DEFINE OFF;
Insert into S16COS148.PRODUCT (PRODUCT_NO,DESCRIPTION,PRICE,SUPPLIER_NO,MARKETING_REP_NO,SUPPLY_DEPOT_NO) values (120,'reducer',1200,1005,5,6);
Insert into S16COS148.PRODUCT (PRODUCT_NO,DESCRIPTION,PRICE,SUPPLIER_NO,MARKETING_REP_NO,SUPPLY_DEPOT_NO) values (121,'plate',1500,1004,3,1);
Insert into S16COS148.PRODUCT (PRODUCT_NO,DESCRIPTION,PRICE,SUPPLIER_NO,MARKETING_REP_NO,SUPPLY_DEPOT_NO) values (122,'handle',700,1003,2,4);
Insert into S16COS148.PRODUCT (PRODUCT_NO,DESCRIPTION,PRICE,SUPPLIER_NO,MARKETING_REP_NO,SUPPLY_DEPOT_NO) values (124,'widget remover',900,1005,4,2);
Insert into S16COS148.PRODUCT (PRODUCT_NO,DESCRIPTION,PRICE,SUPPLIER_NO,MARKETING_REP_NO,SUPPLY_DEPOT_NO) values (136,'size 3 widget',1000,1001,1,5);
Insert into S16COS148.PRODUCT (PRODUCT_NO,DESCRIPTION,PRICE,SUPPLIER_NO,MARKETING_REP_NO,SUPPLY_DEPOT_NO) values (137,'size 4 widget',15000,1002,2,16);
REM INSERTING into S16COS148.SALESREP
SET DEFINE OFF;
Insert into S16COS148.SALESREP (REP_NO,NAME) values (1,'mike');
Insert into S16COS148.SALESREP (REP_NO,NAME) values (2,'fred');
Insert into S16COS148.SALESREP (REP_NO,NAME) values (3,'ali');
Insert into S16COS148.SALESREP (REP_NO,NAME) values (4,'sam');
Insert into S16COS148.SALESREP (REP_NO,NAME) values (5,'bill adams');
Insert into S16COS148.SALESREP (REP_NO,NAME) values (6,'sam');
REM INSERTING into S16COS148.STOCK
SET DEFINE OFF;
Insert into S16COS148.STOCK (DEPOT_NO,PRODUCT_NO,QUANTITY,RACK,BIN_NO) values (1,120,50,1,1);
Insert into S16COS148.STOCK (DEPOT_NO,PRODUCT_NO,QUANTITY,RACK,BIN_NO) values (2,137,100,10,2);
Insert into S16COS148.STOCK (DEPOT_NO,PRODUCT_NO,QUANTITY,RACK,BIN_NO) values (3,136,40,2,3);
Insert into S16COS148.STOCK (DEPOT_NO,PRODUCT_NO,QUANTITY,RACK,BIN_NO) values (4,120,60,7,1);
Insert into S16COS148.STOCK (DEPOT_NO,PRODUCT_NO,QUANTITY,RACK,BIN_NO) values (5,121,90,5,4);
Insert into S16COS148.STOCK (DEPOT_NO,PRODUCT_NO,QUANTITY,RACK,BIN_NO) values (6,124,120,4,7);
Insert into S16COS148.STOCK (DEPOT_NO,PRODUCT_NO,QUANTITY,RACK,BIN_NO) values (16,122,80,10,8);
REM INSERTING into S16COS148.SUP1
SET DEFINE OFF;
Insert into S16COS148.SUP1 (EMP_NO,EMP_NAME) values (101,'Smith');
Insert into S16COS148.SUP1 (EMP_NO,EMP_NAME) values (102,'Snehal');
Insert into S16COS148.SUP1 (EMP_NO,EMP_NAME) values (103,'Adama');
Insert into S16COS148.SUP1 (EMP_NO,EMP_NAME) values (104,'Aman');
Insert into S16COS148.SUP1 (EMP_NO,EMP_NAME) values (105,'Anita');
Insert into S16COS148.SUP1 (EMP_NO,EMP_NAME) values (106,'Sneha');
Insert into S16COS148.SUP1 (EMP_NO,EMP_NAME) values (107,'Anamika');
REM INSERTING into S16COS148.SUP2
SET DEFINE OFF;
Insert into S16COS148.SUP2 (EMP_NO,EMP_NAME,EMP_SAL,EMP_COMM,DEPT_NO) values (105,'Anita',5000,50000,10);
Insert into S16COS148.SUP2 (EMP_NO,EMP_NAME,EMP_SAL,EMP_COMM,DEPT_NO) values (106,'Sneha',2450,24500,10);
REM INSERTING into S16COS148.SUPPLIER
SET DEFINE OFF;
Insert into S16COS148.SUPPLIER (SUPPLIER_NO,NAME,ADDRESS) values (1001,'Michael','Basildon');
Insert into S16COS148.SUPPLIER (SUPPLIER_NO,NAME,ADDRESS) values (1002,'Ringworld','Germany');
Insert into S16COS148.SUPPLIER (SUPPLIER_NO,NAME,ADDRESS) values (1003,'Babylon','London');
Insert into S16COS148.SUPPLIER (SUPPLIER_NO,NAME,ADDRESS) values (1004,'John','Basildon');
Insert into S16COS148.SUPPLIER (SUPPLIER_NO,NAME,ADDRESS) values (1005,'Smith','Germany');
REM INSERTING into S16COS148.SUPPLIER1
SET DEFINE OFF;
Insert into S16COS148.SUPPLIER1 (EMP_NO,EMP_NAME,EMP_SAL,EMP_COMM,DEPT_NO) values (101,'Smith',800,null,20);
Insert into S16COS148.SUPPLIER1 (EMP_NO,EMP_NAME,EMP_SAL,EMP_COMM,DEPT_NO) values (102,'Snehal',1600,300,25);
Insert into S16COS148.SUPPLIER1 (EMP_NO,EMP_NAME,EMP_SAL,EMP_COMM,DEPT_NO) values (103,'Adama',1100,0,20);
Insert into S16COS148.SUPPLIER1 (EMP_NO,EMP_NAME,EMP_SAL,EMP_COMM,DEPT_NO) values (104,'Aman',3000,null,15);
Insert into S16COS148.SUPPLIER1 (EMP_NO,EMP_NAME,EMP_SAL,EMP_COMM,DEPT_NO) values (105,'Anita',5000,50000,10);
Insert into S16COS148.SUPPLIER1 (EMP_NO,EMP_NAME,EMP_SAL,EMP_COMM,DEPT_NO) values (106,'Sneha',2450,24500,10);
Insert into S16COS148.SUPPLIER1 (EMP_NO,EMP_NAME,EMP_SAL,EMP_COMM,DEPT_NO) values (107,'Anamika',2975,null,30);
--------------------------------------------------------
--  DDL for Index SYS_C0024792
--------------------------------------------------------

  CREATE UNIQUE INDEX "S16COS148"."SYS_C0024792" ON "S16COS148"."CORDER" ("CORDER_NO") 
  PCTFREE 10 INITRANS 2 MAXTRANS 255 COMPUTE STATISTICS 
  STORAGE(INITIAL 65536 NEXT 1048576 MINEXTENTS 1 MAXEXTENTS 2147483645
  PCTINCREASE 0 FREELISTS 1 FREELIST GROUPS 1 BUFFER_POOL DEFAULT)
  TABLESPACE "DATA_TS" ;
--------------------------------------------------------
--  DDL for Index SYS_C0024788
--------------------------------------------------------

  CREATE UNIQUE INDEX "S16COS148"."SYS_C0024788" ON "S16COS148"."CUSTOMER" ("CUSTOMER_NO") 
  PCTFREE 10 INITRANS 2 MAXTRANS 255 COMPUTE STATISTICS 
  STORAGE(INITIAL 65536 NEXT 1048576 MINEXTENTS 1 MAXEXTENTS 2147483645
  PCTINCREASE 0 FREELISTS 1 FREELIST GROUPS 1 BUFFER_POOL DEFAULT)
  TABLESPACE "DATA_TS" ;
--------------------------------------------------------
--  DDL for Index SYS_C0024778
--------------------------------------------------------

  CREATE UNIQUE INDEX "S16COS148"."SYS_C0024778" ON "S16COS148"."DEPOT" ("DEPOT_NO") 
  PCTFREE 10 INITRANS 2 MAXTRANS 255 COMPUTE STATISTICS 
  STORAGE(INITIAL 65536 NEXT 1048576 MINEXTENTS 1 MAXEXTENTS 2147483645
  PCTINCREASE 0 FREELISTS 1 FREELIST GROUPS 1 BUFFER_POOL DEFAULT)
  TABLESPACE "DATA_TS" ;
--------------------------------------------------------
--  DDL for Index SYS_C0024794
--------------------------------------------------------

  CREATE UNIQUE INDEX "S16COS148"."SYS_C0024794" ON "S16COS148"."OLINE" ("CORDER_NO") 
  PCTFREE 10 INITRANS 2 MAXTRANS 255 COMPUTE STATISTICS 
  STORAGE(INITIAL 65536 NEXT 1048576 MINEXTENTS 1 MAXEXTENTS 2147483645
  PCTINCREASE 0 FREELISTS 1 FREELIST GROUPS 1 BUFFER_POOL DEFAULT)
  TABLESPACE "DATA_TS" ;
--------------------------------------------------------
--  DDL for Index SYS_C0024858
--------------------------------------------------------

  CREATE UNIQUE INDEX "S16COS148"."SYS_C0024858" ON "S16COS148"."PRODUCT" ("PRODUCT_NO") 
  PCTFREE 10 INITRANS 2 MAXTRANS 255 COMPUTE STATISTICS 
  STORAGE(INITIAL 65536 NEXT 1048576 MINEXTENTS 1 MAXEXTENTS 2147483645
  PCTINCREASE 0 FREELISTS 1 FREELIST GROUPS 1 BUFFER_POOL DEFAULT)
  TABLESPACE "DATA_TS" ;
--------------------------------------------------------
--  DDL for Index SYS_C0026511
--------------------------------------------------------

  CREATE UNIQUE INDEX "S16COS148"."SYS_C0026511" ON "S16COS148"."SALESREP" ("REP_NO") 
  PCTFREE 10 INITRANS 2 MAXTRANS 255 COMPUTE STATISTICS 
  STORAGE(INITIAL 65536 NEXT 1048576 MINEXTENTS 1 MAXEXTENTS 2147483645
  PCTINCREASE 0 FREELISTS 1 FREELIST GROUPS 1 BUFFER_POOL DEFAULT)
  TABLESPACE "DATA_TS" ;
--------------------------------------------------------
--  DDL for Index SYS_C0024795
--------------------------------------------------------

  CREATE UNIQUE INDEX "S16COS148"."SYS_C0024795" ON "S16COS148"."STOCK" ("DEPOT_NO") 
  PCTFREE 10 INITRANS 2 MAXTRANS 255 COMPUTE STATISTICS 
  STORAGE(INITIAL 65536 NEXT 1048576 MINEXTENTS 1 MAXEXTENTS 2147483645
  PCTINCREASE 0 FREELISTS 1 FREELIST GROUPS 1 BUFFER_POOL DEFAULT)
  TABLESPACE "DATA_TS" ;
--------------------------------------------------------
--  DDL for Index SYS_C0024735
--------------------------------------------------------

  CREATE UNIQUE INDEX "S16COS148"."SYS_C0024735" ON "S16COS148"."SUPPLIER" ("SUPPLIER_NO") 
  PCTFREE 10 INITRANS 2 MAXTRANS 255 COMPUTE STATISTICS 
  STORAGE(INITIAL 65536 NEXT 1048576 MINEXTENTS 1 MAXEXTENTS 2147483645
  PCTINCREASE 0 FREELISTS 1 FREELIST GROUPS 1 BUFFER_POOL DEFAULT)
  TABLESPACE "DATA_TS" ;
--------------------------------------------------------
--  Constraints for Table CORDER
--------------------------------------------------------

  ALTER TABLE "S16COS148"."CORDER" ADD PRIMARY KEY ("CORDER_NO")
  USING INDEX PCTFREE 10 INITRANS 2 MAXTRANS 255 COMPUTE STATISTICS 
  STORAGE(INITIAL 65536 NEXT 1048576 MINEXTENTS 1 MAXEXTENTS 2147483645
  PCTINCREASE 0 FREELISTS 1 FREELIST GROUPS 1 BUFFER_POOL DEFAULT)
  TABLESPACE "DATA_TS"  ENABLE;
--------------------------------------------------------
--  Constraints for Table CUSTOMER
--------------------------------------------------------

  ALTER TABLE "S16COS148"."CUSTOMER" ADD PRIMARY KEY ("CUSTOMER_NO")
  USING INDEX PCTFREE 10 INITRANS 2 MAXTRANS 255 COMPUTE STATISTICS 
  STORAGE(INITIAL 65536 NEXT 1048576 MINEXTENTS 1 MAXEXTENTS 2147483645
  PCTINCREASE 0 FREELISTS 1 FREELIST GROUPS 1 BUFFER_POOL DEFAULT)
  TABLESPACE "DATA_TS"  ENABLE;
--------------------------------------------------------
--  Constraints for Table DEPOT
--------------------------------------------------------

  ALTER TABLE "S16COS148"."DEPOT" ADD PRIMARY KEY ("DEPOT_NO")
  USING INDEX PCTFREE 10 INITRANS 2 MAXTRANS 255 COMPUTE STATISTICS 
  STORAGE(INITIAL 65536 NEXT 1048576 MINEXTENTS 1 MAXEXTENTS 2147483645
  PCTINCREASE 0 FREELISTS 1 FREELIST GROUPS 1 BUFFER_POOL DEFAULT)
  TABLESPACE "DATA_TS"  ENABLE;
--------------------------------------------------------
--  Constraints for Table OLINE
--------------------------------------------------------

  ALTER TABLE "S16COS148"."OLINE" ADD PRIMARY KEY ("CORDER_NO")
  USING INDEX PCTFREE 10 INITRANS 2 MAXTRANS 255 COMPUTE STATISTICS 
  STORAGE(INITIAL 65536 NEXT 1048576 MINEXTENTS 1 MAXEXTENTS 2147483645
  PCTINCREASE 0 FREELISTS 1 FREELIST GROUPS 1 BUFFER_POOL DEFAULT)
  TABLESPACE "DATA_TS"  ENABLE;
--------------------------------------------------------
--  Constraints for Table PRODUCT
--------------------------------------------------------

  ALTER TABLE "S16COS148"."PRODUCT" ADD PRIMARY KEY ("PRODUCT_NO")
  USING INDEX PCTFREE 10 INITRANS 2 MAXTRANS 255 COMPUTE STATISTICS 
  STORAGE(INITIAL 65536 NEXT 1048576 MINEXTENTS 1 MAXEXTENTS 2147483645
  PCTINCREASE 0 FREELISTS 1 FREELIST GROUPS 1 BUFFER_POOL DEFAULT)
  TABLESPACE "DATA_TS"  ENABLE;
--------------------------------------------------------
--  Constraints for Table SALESREP
--------------------------------------------------------

  ALTER TABLE "S16COS148"."SALESREP" ADD PRIMARY KEY ("REP_NO")
  USING INDEX PCTFREE 10 INITRANS 2 MAXTRANS 255 COMPUTE STATISTICS 
  STORAGE(INITIAL 65536 NEXT 1048576 MINEXTENTS 1 MAXEXTENTS 2147483645
  PCTINCREASE 0 FREELISTS 1 FREELIST GROUPS 1 BUFFER_POOL DEFAULT)
  TABLESPACE "DATA_TS"  ENABLE;
--------------------------------------------------------
--  Constraints for Table STOCK
--------------------------------------------------------

  ALTER TABLE "S16COS148"."STOCK" ADD PRIMARY KEY ("DEPOT_NO")
  USING INDEX PCTFREE 10 INITRANS 2 MAXTRANS 255 COMPUTE STATISTICS 
  STORAGE(INITIAL 65536 NEXT 1048576 MINEXTENTS 1 MAXEXTENTS 2147483645
  PCTINCREASE 0 FREELISTS 1 FREELIST GROUPS 1 BUFFER_POOL DEFAULT)
  TABLESPACE "DATA_TS"  ENABLE;
--------------------------------------------------------
--  Constraints for Table SUPPLIER
--------------------------------------------------------

  ALTER TABLE "S16COS148"."SUPPLIER" ADD PRIMARY KEY ("SUPPLIER_NO")
  USING INDEX PCTFREE 10 INITRANS 2 MAXTRANS 255 COMPUTE STATISTICS 
  STORAGE(INITIAL 65536 NEXT 1048576 MINEXTENTS 1 MAXEXTENTS 2147483645
  PCTINCREASE 0 FREELISTS 1 FREELIST GROUPS 1 BUFFER_POOL DEFAULT)
  TABLESPACE "DATA_TS"  ENABLE;
--------------------------------------------------------
--  Ref Constraints for Table DEPOT
--------------------------------------------------------

  ALTER TABLE "S16COS148"."DEPOT" ADD FOREIGN KEY ("REP_NO")
	  REFERENCES "S16COS148"."SALESREP" ("REP_NO") ENABLE;
--------------------------------------------------------
--  Ref Constraints for Table PRODUCT
--------------------------------------------------------

  ALTER TABLE "S16COS148"."PRODUCT" ADD FOREIGN KEY ("SUPPLIER_NO")
	  REFERENCES "S16COS148"."SUPPLIER" ("SUPPLIER_NO") ENABLE;
 
  ALTER TABLE "S16COS148"."PRODUCT" ADD FOREIGN KEY ("MARKETING_REP_NO")
	  REFERENCES "S16COS148"."SALESREP" ("REP_NO") ENABLE;
 
  ALTER TABLE "S16COS148"."PRODUCT" ADD FOREIGN KEY ("SUPPLY_DEPOT_NO")
	  REFERENCES "S16COS148"."DEPOT" ("DEPOT_NO") ENABLE;
